feature,importance
本学期旷课次数,0.6481432853120587
每周自主学习时长,0.1225317287852747
父母学业支持程度,0.0451045712173938
父母最高教育水平,0.03599042910258565
年龄,0.03331495036950392
学生背景类别,0.031018823508610863
性别,0.016684042725644405
是否参加课外辅导,0.016328133084926953
是否参加课外活动,0.01463114759595299
是否参加体育活动,0.014568739937107828
是否参加音乐活动,0.011135918862779037
是否参加志愿服务,0.010548229498161235
