feature,importance
ExamScore,0.6193887044990174
AttendanceRate,0.19131064884446827
HomeworkScore,0.04839485677345603
PreviousGPA,0.043953640291991114
StudyHoursPerWeek,0.03678901403621564
Age,0.022273579871565894
Major_Math,0.005760531980737645
Major_Engineering,0.005549101715496707
Gender_F,0.005445266633382295
Major_Physics,0.005087709536848859
Gender_M,0.005038318878990046
Major_Biology,0.004083433937747805
Major_CS,0.003685100485207689
Major_Chemistry,0.0032400925148746
